Question,Solution
ETECRHLVO,chevrolet
AKSDO,skoda
LPOE,opel
IDAU,audi
UZIUS,isuzu
UCRAA,acura
RBSUAU,subaru
RGAJUA,jaguar
PEJE,jeep
AZMAD,mazda
IMNI,mini
DOVLNARRE,Not found
SLXEU,lexus
BASA,saab
UPETOGE,peugeot
UTLARNE,renault
ONTRPO,proton
EDWOAO,daewoo
TIOCNER,Not found
GNOYAGSNS,ssangyong
ALICALDC,cadillac
IATF,fiat
RASONTATNIM,Not found
ESEDRMCDE,Not found
MHCOI,Not found
NLACMER,mclaren
TIINIIFN,infiniti
TSOLU,lotus
LNETEBY,bentley
IRATASME,maserati
RFEIARR,ferrari
DHNOA,honda
SNNSIA,nissan
AAVLH,haval
RFDO,ford
OLOVV,volvo
ETSA,seat
YTOTAO,toyota
UODPREA,perodua
ELGYE,geely
HSIBUSIMIT,mitsubishi
OOEMRFAAL,Not found
HAIATDUS,daihatsu
GNEOVSKLWA,volkswagen
CEHSRPO,porsche
NIADYHU,hyundai
ITABGTU,bugatti
MBALNIHGROI,lamborghini
CRLOSEORYL,Not found
IKZSUU,suzuki
SAELT,tesla
